timestamp,location,wi_fi_bssid,wi_fi_signal_state,wi_fi_signal_attrs,bermuda_area_state,bermuda_area_attrs,bermuda_distance_state,bermuda_distance_attrs,bermuda_tracker_state,bermuda_tracker_attrs
2025-11-13T19:27:22.507904+00:00,"utility door","04:42:1a:33:91:64","{""friendly_name"": ""TongaiSM25 Wi-Fi BSSID"", ""icon"": ""mdi:wifi""}","-74","{""device_class"": ""signal_strength"", ""friendly_name"": ""TongaiSM25 Wi-Fi signal strength"", ""icon"": ""mdi:wifi-strength-1"", ""state_class"": ""measurement"", ""unit_of_measurement"": ""dBm""}","Hallway","{""area_id"": ""3f079567e19f4b60aacf82f6cb69c4c9"", ""area_name"": ""Hallway"", ""current_mac"": ""45:a7:18:f3:91:86"", ""device_class"": ""bermuda__custom_device_class"", ""floor_id"": null, ""floor_level"": null, ""floor_name"": null, ""friendly_name"": ""bermuda tongai phone Area"", ""icon"": ""mdi:land-plots-marker""}","3.5","{""current_mac"": ""45:a7:18:f3:91:86"", ""device_class"": ""distance"", ""friendly_name"": ""bermuda tongai phone Distance"", ""state_class"": ""measurement"", ""unit_of_measurement"": ""m""}","home","{""area"": ""Hallway"", ""friendly_name"": ""bermuda tongai phone Bermuda Tracker"", ""icon"": ""mdi:bluetooth-connect"", ""scanner"": ""rpi_rebooter"", ""source_type"": ""bluetooth_le""}"
2025-11-13T19:27:24.414267+00:00,"utility door","04:42:1a:33:91:64","{""friendly_name"": ""TongaiSM25 Wi-Fi BSSID"", ""icon"": ""mdi:wifi""}","-74","{""device_class"": ""signal_strength"", ""friendly_name"": ""TongaiSM25 Wi-Fi signal strength"", ""icon"": ""mdi:wifi-strength-1"", ""state_class"": ""measurement"", ""unit_of_measurement"": ""dBm""}","Hallway","{""area_id"": ""3f079567e19f4b60aacf82f6cb69c4c9"", ""area_name"": ""Hallway"", ""current_mac"": ""45:a7:18:f3:91:86"", ""device_class"": ""bermuda__custom_device_class"", ""floor_id"": null, ""floor_level"": null, ""floor_name"": null, ""friendly_name"": ""bermuda tongai phone Area"", ""icon"": ""mdi:land-plots-marker""}","3.5","{""current_mac"": ""45:a7:18:f3:91:86"", ""device_class"": ""distance"", ""friendly_name"": ""bermuda tongai phone Distance"", ""state_class"": ""measurement"", ""unit_of_measurement"": ""m""}","home","{""area"": ""Hallway"", ""friendly_name"": ""bermuda tongai phone Bermuda Tracker"", ""icon"": ""mdi:bluetooth-connect"", ""scanner"": ""rpi_rebooter"", ""source_type"": ""bluetooth_le""}"
2025-11-13T19:27:29.265594+00:00,"utility door","04:42:1a:33:91:64","{""friendly_name"": ""TongaiSM25 Wi-Fi BSSID"", ""icon"": ""mdi:wifi""}","-74","{""device_class"": ""signal_strength"", ""friendly_name"": ""TongaiSM25 Wi-Fi signal strength"", ""icon"": ""mdi:wifi-strength-1"", ""state_class"": ""measurement"", ""unit_of_measurement"": ""dBm""}","Hallway","{""area_id"": ""3f079567e19f4b60aacf82f6cb69c4c9"", ""area_name"": ""Hallway"", ""current_mac"": ""45:a7:18:f3:91:86"", ""device_class"": ""bermuda__custom_device_class"", ""floor_id"": null, ""floor_level"": null, ""floor_name"": null, ""friendly_name"": ""bermuda tongai phone Area"", ""icon"": ""mdi:land-plots-marker""}","1.2","{""current_mac"": ""45:a7:18:f3:91:86"", ""device_class"": ""distance"", ""friendly_name"": ""bermuda tongai phone Distance"", ""state_class"": ""measurement"", ""unit_of_measurement"": ""m""}","home","{""area"": ""Hallway"", ""friendly_name"": ""bermuda tongai phone Bermuda Tracker"", ""icon"": ""mdi:bluetooth-connect"", ""scanner"": ""rpi_rebooter"", ""source_type"": ""bluetooth_le""}"
2025-11-13T19:27:46.931572+00:00,"patio door","04:42:1a:33:91:64","{""friendly_name"": ""TongaiSM25 Wi-Fi BSSID"", ""icon"": ""mdi:wifi""}","-74","{""device_class"": ""signal_strength"", ""friendly_name"": ""TongaiSM25 Wi-Fi signal strength"", ""icon"": ""mdi:wifi-strength-1"", ""state_class"": ""measurement"", ""unit_of_measurement"": ""dBm""}","Dining Area","{""area_id"": ""4a717313f08d43c19700b672f44f644b"", ""area_name"": ""Dining Area"", ""current_mac"": ""45:a7:18:f3:91:86"", ""device_class"": ""bermuda__custom_device_class"", ""floor_id"": null, ""floor_level"": null, ""floor_name"": null, ""friendly_name"": ""bermuda tongai phone Area"", ""icon"": ""mdi:land-plots-marker""}","0.3","{""current_mac"": ""45:a7:18:f3:91:86"", ""device_class"": ""distance"", ""friendly_name"": ""bermuda tongai phone Distance"", ""state_class"": ""measurement"", ""unit_of_measurement"": ""m""}","home","{""area"": ""Dining Area"", ""friendly_name"": ""bermuda tongai phone Bermuda Tracker"", ""icon"": ""mdi:bluetooth-connect"", ""scanner"": ""front-door-proxy"", ""source_type"": ""bluetooth_le""}"
2025-11-13T19:27:48.955846+00:00,"patio door","04:42:1a:33:91:64","{""friendly_name"": ""TongaiSM25 Wi-Fi BSSID"", ""icon"": ""mdi:wifi""}","-74","{""device_class"": ""signal_strength"", ""friendly_name"": ""TongaiSM25 Wi-Fi signal strength"", ""icon"": ""mdi:wifi-strength-1"", ""state_class"": ""measurement"", ""unit_of_measurement"": ""dBm""}","Dining Area","{""area_id"": ""4a717313f08d43c19700b672f44f644b"", ""area_name"": ""Dining Area"", ""current_mac"": ""45:a7:18:f3:91:86"", ""device_class"": ""bermuda__custom_device_class"", ""floor_id"": null, ""floor_level"": null, ""floor_name"": null, ""friendly_name"": ""bermuda tongai phone Area"", ""icon"": ""mdi:land-plots-marker""}","0.2","{""current_mac"": ""45:a7:18:f3:91:86"", ""device_class"": ""distance"", ""friendly_name"": ""bermuda tongai phone Distance"", ""state_class"": ""measurement"", ""unit_of_measurement"": ""m""}","home","{""area"": ""Dining Area"", ""friendly_name"": ""bermuda tongai phone Bermuda Tracker"", ""icon"": ""mdi:bluetooth-connect"", ""scanner"": ""front-door-proxy"", ""source_type"": ""bluetooth_le""}"
2025-11-13T19:28:06.299920+00:00,"test desk","04:42:1a:33:91:64","{""friendly_name"": ""TongaiSM25 Wi-Fi BSSID"", ""icon"": ""mdi:wifi""}","-74","{""device_class"": ""signal_strength"", ""friendly_name"": ""TongaiSM25 Wi-Fi signal strength"", ""icon"": ""mdi:wifi-strength-1"", ""state_class"": ""measurement"", ""unit_of_measurement"": ""dBm""}","Hallway","{""area_id"": ""3f079567e19f4b60aacf82f6cb69c4c9"", ""area_name"": ""Hallway"", ""current_mac"": ""45:a7:18:f3:91:86"", ""device_class"": ""bermuda__custom_device_class"", ""floor_id"": null, ""floor_level"": null, ""floor_name"": null, ""friendly_name"": ""bermuda tongai phone Area"", ""icon"": ""mdi:land-plots-marker""}","0.0","{""current_mac"": ""45:a7:18:f3:91:86"", ""device_class"": ""distance"", ""friendly_name"": ""bermuda tongai phone Distance"", ""state_class"": ""measurement"", ""unit_of_measurement"": ""m""}","home","{""area"": ""Hallway"", ""friendly_name"": ""bermuda tongai phone Bermuda Tracker"", ""icon"": ""mdi:bluetooth-connect"", ""scanner"": ""rpi_rebooter"", ""source_type"": ""bluetooth_le""}"
2025-11-13T19:28:07.396627+00:00,"test desk","04:42:1a:33:91:64","{""friendly_name"": ""TongaiSM25 Wi-Fi BSSID"", ""icon"": ""mdi:wifi""}","-74","{""device_class"": ""signal_strength"", ""friendly_name"": ""TongaiSM25 Wi-Fi signal strength"", ""icon"": ""mdi:wifi-strength-1"", ""state_class"": ""measurement"", ""unit_of_measurement"": ""dBm""}","Hallway","{""area_id"": ""3f079567e19f4b60aacf82f6cb69c4c9"", ""area_name"": ""Hallway"", ""current_mac"": ""45:a7:18:f3:91:86"", ""device_class"": ""bermuda__custom_device_class"", ""floor_id"": null, ""floor_level"": null, ""floor_name"": null, ""friendly_name"": ""bermuda tongai phone Area"", ""icon"": ""mdi:land-plots-marker""}","0.0","{""current_mac"": ""45:a7:18:f3:91:86"", ""device_class"": ""distance"", ""friendly_name"": ""bermuda tongai phone Distance"", ""state_class"": ""measurement"", ""unit_of_measurement"": ""m""}","home","{""area"": ""Hallway"", ""friendly_name"": ""bermuda tongai phone Bermuda Tracker"", ""icon"": ""mdi:bluetooth-connect"", ""scanner"": ""rpi_rebooter"", ""source_type"": ""bluetooth_le""}"
2025-11-13T19:28:20.350671+00:00,"inside front door","04:42:1a:33:91:64","{""friendly_name"": ""TongaiSM25 Wi-Fi BSSID"", ""icon"": ""mdi:wifi""}","-74","{""device_class"": ""signal_strength"", ""friendly_name"": ""TongaiSM25 Wi-Fi signal strength"", ""icon"": ""mdi:wifi-strength-1"", ""state_class"": ""measurement"", ""unit_of_measurement"": ""dBm""}","Hallway","{""area_id"": ""3f079567e19f4b60aacf82f6cb69c4c9"", ""area_name"": ""Hallway"", ""current_mac"": ""45:a7:18:f3:91:86"", ""device_class"": ""bermuda__custom_device_class"", ""floor_id"": null, ""floor_level"": null, ""floor_name"": null, ""friendly_name"": ""bermuda tongai phone Area"", ""icon"": ""mdi:land-plots-marker""}","0.0","{""current_mac"": ""45:a7:18:f3:91:86"", ""device_class"": ""distance"", ""friendly_name"": ""bermuda tongai phone Distance"", ""state_class"": ""measurement"", ""unit_of_measurement"": ""m""}","home","{""area"": ""Hallway"", ""friendly_name"": ""bermuda tongai phone Bermuda Tracker"", ""icon"": ""mdi:bluetooth-connect"", ""scanner"": ""rpi_rebooter"", ""source_type"": ""bluetooth_le""}"
2025-11-13T19:28:22.158692+00:00,"inside front door","04:42:1a:33:91:64","{""friendly_name"": ""TongaiSM25 Wi-Fi BSSID"", ""icon"": ""mdi:wifi""}","-74","{""device_class"": ""signal_strength"", ""friendly_name"": ""TongaiSM25 Wi-Fi signal strength"", ""icon"": ""mdi:wifi-strength-1"", ""state_class"": ""measurement"", ""unit_of_measurement"": ""dBm""}","Hallway","{""area_id"": ""3f079567e19f4b60aacf82f6cb69c4c9"", ""area_name"": ""Hallway"", ""current_mac"": ""45:a7:18:f3:91:86"", ""device_class"": ""bermuda__custom_device_class"", ""floor_id"": null, ""floor_level"": null, ""floor_name"": null, ""friendly_name"": ""bermuda tongai phone Area"", ""icon"": ""mdi:land-plots-marker""}","0.0","{""current_mac"": ""45:a7:18:f3:91:86"", ""device_class"": ""distance"", ""friendly_name"": ""bermuda tongai phone Distance"", ""state_class"": ""measurement"", ""unit_of_measurement"": ""m""}","home","{""area"": ""Hallway"", ""friendly_name"": ""bermuda tongai phone Bermuda Tracker"", ""icon"": ""mdi:bluetooth-connect"", ""scanner"": ""rpi_rebooter"", ""source_type"": ""bluetooth_le""}"
2025-11-13T22:12:58.663945+00:00,"inside front door","04:42:1a:33:91:64","{""friendly_name"": ""TongaiSM25 Wi-Fi BSSID"", ""icon"": ""mdi:wifi""}","-52","{""device_class"": ""signal_strength"", ""friendly_name"": ""TongaiSM25 Wi-Fi signal strength"", ""icon"": ""mdi:wifi-strength-3"", ""state_class"": ""measurement"", ""unit_of_measurement"": ""dBm""}","Dining Area","{""area_id"": ""4a717313f08d43c19700b672f44f644b"", ""area_name"": ""Dining Area"", ""current_mac"": ""4c:3f:a9:a1:17:b9"", ""device_class"": ""bermuda__custom_device_class"", ""floor_id"": null, ""floor_level"": null, ""floor_name"": null, ""friendly_name"": ""bermuda tongai phone Area"", ""icon"": ""mdi:land-plots-marker""}","0.5","{""current_mac"": ""4c:3f:a9:a1:17:b9"", ""device_class"": ""distance"", ""friendly_name"": ""bermuda tongai phone Distance"", ""state_class"": ""measurement"", ""unit_of_measurement"": ""m""}","home","{""area"": ""Dining Area"", ""friendly_name"": ""bermuda tongai phone Bermuda Tracker"", ""icon"": ""mdi:bluetooth-connect"", ""scanner"": ""zane-proxy"", ""source_type"": ""bluetooth_le""}"
2025-11-13T22:13:13.170611+00:00,"patio door","04:42:1a:33:91:64","{""friendly_name"": ""TongaiSM25 Wi-Fi BSSID"", ""icon"": ""mdi:wifi""}","-52","{""device_class"": ""signal_strength"", ""friendly_name"": ""TongaiSM25 Wi-Fi signal strength"", ""icon"": ""mdi:wifi-strength-3"", ""state_class"": ""measurement"", ""unit_of_measurement"": ""dBm""}","Dining Area","{""area_id"": ""4a717313f08d43c19700b672f44f644b"", ""area_name"": ""Dining Area"", ""current_mac"": ""4c:3f:a9:a1:17:b9"", ""device_class"": ""bermuda__custom_device_class"", ""floor_id"": null, ""floor_level"": null, ""floor_name"": null, ""friendly_name"": ""bermuda tongai phone Area"", ""icon"": ""mdi:land-plots-marker""}","0.2","{""current_mac"": ""4c:3f:a9:a1:17:b9"", ""device_class"": ""distance"", ""friendly_name"": ""bermuda tongai phone Distance"", ""state_class"": ""measurement"", ""unit_of_measurement"": ""m""}","home","{""area"": ""Dining Area"", ""friendly_name"": ""bermuda tongai phone Bermuda Tracker"", ""icon"": ""mdi:bluetooth-connect"", ""scanner"": ""zane-proxy"", ""source_type"": ""bluetooth_le""}"
2025-11-14T07:03:07.802082+00:00,"Loft","04:42:1a:da:ea:d4","{""friendly_name"": ""TongaiSM25 Wi-Fi BSSID"", ""icon"": ""mdi:wifi""}","-64","{""device_class"": ""signal_strength"", ""friendly_name"": ""TongaiSM25 Wi-Fi signal strength"", ""icon"": ""mdi:wifi-strength-2"", ""state_class"": ""measurement"", ""unit_of_measurement"": ""dBm""}","Loft","{""area_id"": ""f52ffae31f4747e8b9a02f257a8ed69b"", ""area_name"": ""Loft"", ""current_mac"": ""5d:2e:4d:5a:d3:7d"", ""device_class"": ""bermuda__custom_device_class"", ""floor_id"": null, ""floor_level"": null, ""floor_name"": null, ""friendly_name"": ""bermuda tongai phone Area"", ""icon"": ""mdi:land-plots-marker""}","0.0","{""current_mac"": ""5d:2e:4d:5a:d3:7d"", ""device_class"": ""distance"", ""friendly_name"": ""bermuda tongai phone Distance"", ""state_class"": ""measurement"", ""unit_of_measurement"": ""m""}","home","{""area"": ""Loft"", ""friendly_name"": ""bermuda tongai phone Bermuda Tracker"", ""icon"": ""mdi:bluetooth-connect"", ""scanner"": ""Bedroom Presence"", ""source_type"": ""bluetooth_le""}"
2025-11-14T07:03:11.102462+00:00,"Loft","04:42:1a:da:ea:d4","{""friendly_name"": ""TongaiSM25 Wi-Fi BSSID"", ""icon"": ""mdi:wifi""}","-64","{""device_class"": ""signal_strength"", ""friendly_name"": ""TongaiSM25 Wi-Fi signal strength"", ""icon"": ""mdi:wifi-strength-2"", ""state_class"": ""measurement"", ""unit_of_measurement"": ""dBm""}","Loft","{""area_id"": ""f52ffae31f4747e8b9a02f257a8ed69b"", ""area_name"": ""Loft"", ""current_mac"": ""5d:2e:4d:5a:d3:7d"", ""device_class"": ""bermuda__custom_device_class"", ""floor_id"": null, ""floor_level"": null, ""floor_name"": null, ""friendly_name"": ""bermuda tongai phone Area"", ""icon"": ""mdi:land-plots-marker""}","0.0","{""current_mac"": ""5d:2e:4d:5a:d3:7d"", ""device_class"": ""distance"", ""friendly_name"": ""bermuda tongai phone Distance"", ""state_class"": ""measurement"", ""unit_of_measurement"": ""m""}","home","{""area"": ""Loft"", ""friendly_name"": ""bermuda tongai phone Bermuda Tracker"", ""icon"": ""mdi:bluetooth-connect"", ""scanner"": ""Bedroom Presence"", ""source_type"": ""bluetooth_le""}"
2025-11-14T08:10:38.827132+00:00,"road","<not connected>","{""friendly_name"": ""TongaiSM25 Wi-Fi BSSID"", ""icon"": ""mdi:wifi-off""}","-1","{""device_class"": ""signal_strength"", ""friendly_name"": ""TongaiSM25 Wi-Fi signal strength"", ""icon"": ""mdi:wifi-strength-off"", ""state_class"": ""measurement"", ""unit_of_measurement"": ""dBm""}","unknown","{""area_id"": null, ""area_name"": null, ""current_mac"": ""unavailable"", ""device_class"": ""bermuda__custom_device_class"", ""floor_id"": null, ""floor_level"": null, ""floor_name"": null, ""friendly_name"": ""bermuda tongai phone Area"", ""icon"": ""mdi:land-plots-marker""}","unknown","{""current_mac"": ""unavailable"", ""device_class"": ""distance"", ""friendly_name"": ""bermuda tongai phone Distance"", ""state_class"": ""measurement"", ""unit_of_measurement"": ""m""}","not_home","{""area"": null, ""friendly_name"": ""bermuda tongai phone Bermuda Tracker"", ""icon"": ""mdi:bluetooth-off"", ""scanner"": null, ""source_type"": ""bluetooth_le""}"
2025-11-14T08:11:14.754214+00:00,"car door driver","04:42:1a:da:ea:d1","{""friendly_name"": ""TongaiSM25 Wi-Fi BSSID"", ""icon"": ""mdi:wifi""}","-70","{""device_class"": ""signal_strength"", ""friendly_name"": ""TongaiSM25 Wi-Fi signal strength"", ""icon"": ""mdi:wifi-strength-2"", ""state_class"": ""measurement"", ""unit_of_measurement"": ""dBm""}","Hallway","{""area_id"": ""3f079567e19f4b60aacf82f6cb69c4c9"", ""area_name"": ""Hallway"", ""current_mac"": ""57:1a:c6:1b:1e:37"", ""device_class"": ""bermuda__custom_device_class"", ""floor_id"": null, ""floor_level"": null, ""floor_name"": null, ""friendly_name"": ""bermuda tongai phone Area"", ""icon"": ""mdi:land-plots-marker""}","0.1","{""current_mac"": ""57:1a:c6:1b:1e:37"", ""device_class"": ""distance"", ""friendly_name"": ""bermuda tongai phone Distance"", ""state_class"": ""measurement"", ""unit_of_measurement"": ""m""}","home","{""area"": ""Hallway"", ""friendly_name"": ""bermuda tongai phone Bermuda Tracker"", ""icon"": ""mdi:bluetooth-connect"", ""scanner"": ""kai_proxy"", ""source_type"": ""bluetooth_le""}"
2025-11-14T08:11:16.520212+00:00,"car door driver","04:42:1a:da:ea:d1","{""friendly_name"": ""TongaiSM25 Wi-Fi BSSID"", ""icon"": ""mdi:wifi""}","-70","{""device_class"": ""signal_strength"", ""friendly_name"": ""TongaiSM25 Wi-Fi signal strength"", ""icon"": ""mdi:wifi-strength-2"", ""state_class"": ""measurement"", ""unit_of_measurement"": ""dBm""}","Hallway","{""area_id"": ""3f079567e19f4b60aacf82f6cb69c4c9"", ""area_name"": ""Hallway"", ""current_mac"": ""57:1a:c6:1b:1e:37"", ""device_class"": ""bermuda__custom_device_class"", ""floor_id"": null, ""floor_level"": null, ""floor_name"": null, ""friendly_name"": ""bermuda tongai phone Area"", ""icon"": ""mdi:land-plots-marker""}","0.0","{""current_mac"": ""57:1a:c6:1b:1e:37"", ""device_class"": ""distance"", ""friendly_name"": ""bermuda tongai phone Distance"", ""state_class"": ""measurement"", ""unit_of_measurement"": ""m""}","home","{""area"": ""Hallway"", ""friendly_name"": ""bermuda tongai phone Bermuda Tracker"", ""icon"": ""mdi:bluetooth-connect"", ""scanner"": ""kai_proxy"", ""source_type"": ""bluetooth_le""}"
2025-11-14T08:11:24.467158+00:00,"outside front door","04:42:1a:da:ea:d1","{""friendly_name"": ""TongaiSM25 Wi-Fi BSSID"", ""icon"": ""mdi:wifi""}","-70","{""device_class"": ""signal_strength"", ""friendly_name"": ""TongaiSM25 Wi-Fi signal strength"", ""icon"": ""mdi:wifi-strength-2"", ""state_class"": ""measurement"", ""unit_of_measurement"": ""dBm""}","Hallway","{""area_id"": ""3f079567e19f4b60aacf82f6cb69c4c9"", ""area_name"": ""Hallway"", ""current_mac"": ""57:1a:c6:1b:1e:37"", ""device_class"": ""bermuda__custom_device_class"", ""floor_id"": null, ""floor_level"": null, ""floor_name"": null, ""friendly_name"": ""bermuda tongai phone Area"", ""icon"": ""mdi:land-plots-marker""}","0.0","{""current_mac"": ""57:1a:c6:1b:1e:37"", ""device_class"": ""distance"", ""friendly_name"": ""bermuda tongai phone Distance"", ""state_class"": ""measurement"", ""unit_of_measurement"": ""m""}","home","{""area"": ""Hallway"", ""friendly_name"": ""bermuda tongai phone Bermuda Tracker"", ""icon"": ""mdi:bluetooth-connect"", ""scanner"": ""kai_proxy"", ""source_type"": ""bluetooth_le""}"
2025-11-14T08:11:26.112513+00:00,"outside front door","04:42:1a:da:ea:d1","{""friendly_name"": ""TongaiSM25 Wi-Fi BSSID"", ""icon"": ""mdi:wifi""}","-70","{""device_class"": ""signal_strength"", ""friendly_name"": ""TongaiSM25 Wi-Fi signal strength"", ""icon"": ""mdi:wifi-strength-2"", ""state_class"": ""measurement"", ""unit_of_measurement"": ""dBm""}","Hallway","{""area_id"": ""3f079567e19f4b60aacf82f6cb69c4c9"", ""area_name"": ""Hallway"", ""current_mac"": ""57:1a:c6:1b:1e:37"", ""device_class"": ""bermuda__custom_device_class"", ""floor_id"": null, ""floor_level"": null, ""floor_name"": null, ""friendly_name"": ""bermuda tongai phone Area"", ""icon"": ""mdi:land-plots-marker""}","0.0","{""current_mac"": ""57:1a:c6:1b:1e:37"", ""device_class"": ""distance"", ""friendly_name"": ""bermuda tongai phone Distance"", ""state_class"": ""measurement"", ""unit_of_measurement"": ""m""}","home","{""area"": ""Hallway"", ""friendly_name"": ""bermuda tongai phone Bermuda Tracker"", ""icon"": ""mdi:bluetooth-connect"", ""scanner"": ""kai_proxy"", ""source_type"": ""bluetooth_le""}"
2025-11-14T08:11:34.495361+00:00,"outside garage","04:42:1a:33:58:24","{""friendly_name"": ""TongaiSM25 Wi-Fi BSSID"", ""icon"": ""mdi:wifi""}","-75","{""device_class"": ""signal_strength"", ""friendly_name"": ""TongaiSM25 Wi-Fi signal strength"", ""icon"": ""mdi:wifi-strength-1"", ""state_class"": ""measurement"", ""unit_of_measurement"": ""dBm""}","Hallway","{""area_id"": ""3f079567e19f4b60aacf82f6cb69c4c9"", ""area_name"": ""Hallway"", ""current_mac"": ""57:1a:c6:1b:1e:37"", ""device_class"": ""bermuda__custom_device_class"", ""floor_id"": null, ""floor_level"": null, ""floor_name"": null, ""friendly_name"": ""bermuda tongai phone Area"", ""icon"": ""mdi:land-plots-marker""}","0.0","{""current_mac"": ""57:1a:c6:1b:1e:37"", ""device_class"": ""distance"", ""friendly_name"": ""bermuda tongai phone Distance"", ""state_class"": ""measurement"", ""unit_of_measurement"": ""m""}","home","{""area"": ""Hallway"", ""friendly_name"": ""bermuda tongai phone Bermuda Tracker"", ""icon"": ""mdi:bluetooth-connect"", ""scanner"": ""kai_proxy"", ""source_type"": ""bluetooth_le""}"
2025-11-14T08:11:36.152119+00:00,"outside garage","04:42:1a:33:58:24","{""friendly_name"": ""TongaiSM25 Wi-Fi BSSID"", ""icon"": ""mdi:wifi""}","-75","{""device_class"": ""signal_strength"", ""friendly_name"": ""TongaiSM25 Wi-Fi signal strength"", ""icon"": ""mdi:wifi-strength-1"", ""state_class"": ""measurement"", ""unit_of_measurement"": ""dBm""}","Hallway","{""area_id"": ""3f079567e19f4b60aacf82f6cb69c4c9"", ""area_name"": ""Hallway"", ""current_mac"": ""57:1a:c6:1b:1e:37"", ""device_class"": ""bermuda__custom_device_class"", ""floor_id"": null, ""floor_level"": null, ""floor_name"": null, ""friendly_name"": ""bermuda tongai phone Area"", ""icon"": ""mdi:land-plots-marker""}","0.1","{""current_mac"": ""57:1a:c6:1b:1e:37"", ""device_class"": ""distance"", ""friendly_name"": ""bermuda tongai phone Distance"", ""state_class"": ""measurement"", ""unit_of_measurement"": ""m""}","home","{""area"": ""Hallway"", ""friendly_name"": ""bermuda tongai phone Bermuda Tracker"", ""icon"": ""mdi:bluetooth-connect"", ""scanner"": ""kai_proxy"", ""source_type"": ""bluetooth_le""}"
2025-11-14T08:11:45.601342+00:00,"car door passenger","04:42:1a:33:58:24","{""friendly_name"": ""TongaiSM25 Wi-Fi BSSID"", ""icon"": ""mdi:wifi""}","-75","{""device_class"": ""signal_strength"", ""friendly_name"": ""TongaiSM25 Wi-Fi signal strength"", ""icon"": ""mdi:wifi-strength-1"", ""state_class"": ""measurement"", ""unit_of_measurement"": ""dBm""}","Hallway","{""area_id"": ""3f079567e19f4b60aacf82f6cb69c4c9"", ""area_name"": ""Hallway"", ""current_mac"": ""57:1a:c6:1b:1e:37"", ""device_class"": ""bermuda__custom_device_class"", ""floor_id"": null, ""floor_level"": null, ""floor_name"": null, ""friendly_name"": ""bermuda tongai phone Area"", ""icon"": ""mdi:land-plots-marker""}","0.3","{""current_mac"": ""57:1a:c6:1b:1e:37"", ""device_class"": ""distance"", ""friendly_name"": ""bermuda tongai phone Distance"", ""state_class"": ""measurement"", ""unit_of_measurement"": ""m""}","home","{""area"": ""Hallway"", ""friendly_name"": ""bermuda tongai phone Bermuda Tracker"", ""icon"": ""mdi:bluetooth-connect"", ""scanner"": ""kai_proxy"", ""source_type"": ""bluetooth_le""}"
2025-11-14T08:11:46.864761+00:00,"car door passenger","04:42:1a:33:58:24","{""friendly_name"": ""TongaiSM25 Wi-Fi BSSID"", ""icon"": ""mdi:wifi""}","-75","{""device_class"": ""signal_strength"", ""friendly_name"": ""TongaiSM25 Wi-Fi signal strength"", ""icon"": ""mdi:wifi-strength-1"", ""state_class"": ""measurement"", ""unit_of_measurement"": ""dBm""}","Hallway","{""area_id"": ""3f079567e19f4b60aacf82f6cb69c4c9"", ""area_name"": ""Hallway"", ""current_mac"": ""57:1a:c6:1b:1e:37"", ""device_class"": ""bermuda__custom_device_class"", ""floor_id"": null, ""floor_level"": null, ""floor_name"": null, ""friendly_name"": ""bermuda tongai phone Area"", ""icon"": ""mdi:land-plots-marker""}","0.3","{""current_mac"": ""57:1a:c6:1b:1e:37"", ""device_class"": ""distance"", ""friendly_name"": ""bermuda tongai phone Distance"", ""state_class"": ""measurement"", ""unit_of_measurement"": ""m""}","home","{""area"": ""Hallway"", ""friendly_name"": ""bermuda tongai phone Bermuda Tracker"", ""icon"": ""mdi:bluetooth-connect"", ""scanner"": ""kai_proxy"", ""source_type"": ""bluetooth_le""}"
2025-11-14T08:11:55.412828+00:00,"fence","04:42:1a:33:58:24","{""friendly_name"": ""TongaiSM25 Wi-Fi BSSID"", ""icon"": ""mdi:wifi""}","-75","{""device_class"": ""signal_strength"", ""friendly_name"": ""TongaiSM25 Wi-Fi signal strength"", ""icon"": ""mdi:wifi-strength-1"", ""state_class"": ""measurement"", ""unit_of_measurement"": ""dBm""}","Hallway","{""area_id"": ""3f079567e19f4b60aacf82f6cb69c4c9"", ""area_name"": ""Hallway"", ""current_mac"": ""57:1a:c6:1b:1e:37"", ""device_class"": ""bermuda__custom_device_class"", ""floor_id"": null, ""floor_level"": null, ""floor_name"": null, ""friendly_name"": ""bermuda tongai phone Area"", ""icon"": ""mdi:land-plots-marker""}","1.0","{""current_mac"": ""57:1a:c6:1b:1e:37"", ""device_class"": ""distance"", ""friendly_name"": ""bermuda tongai phone Distance"", ""state_class"": ""measurement"", ""unit_of_measurement"": ""m""}","home","{""area"": ""Hallway"", ""friendly_name"": ""bermuda tongai phone Bermuda Tracker"", ""icon"": ""mdi:bluetooth-connect"", ""scanner"": ""kai_proxy"", ""source_type"": ""bluetooth_le""}"
2025-11-14T08:11:58.088570+00:00,"fence","04:42:1a:33:58:24","{""friendly_name"": ""TongaiSM25 Wi-Fi BSSID"", ""icon"": ""mdi:wifi""}","-75","{""device_class"": ""signal_strength"", ""friendly_name"": ""TongaiSM25 Wi-Fi signal strength"", ""icon"": ""mdi:wifi-strength-1"", ""state_class"": ""measurement"", ""unit_of_measurement"": ""dBm""}","Hallway","{""area_id"": ""3f079567e19f4b60aacf82f6cb69c4c9"", ""area_name"": ""Hallway"", ""current_mac"": ""57:1a:c6:1b:1e:37"", ""device_class"": ""bermuda__custom_device_class"", ""floor_id"": null, ""floor_level"": null, ""floor_name"": null, ""friendly_name"": ""bermuda tongai phone Area"", ""icon"": ""mdi:land-plots-marker""}","1.2","{""current_mac"": ""57:1a:c6:1b:1e:37"", ""device_class"": ""distance"", ""friendly_name"": ""bermuda tongai phone Distance"", ""state_class"": ""measurement"", ""unit_of_measurement"": ""m""}","home","{""area"": ""Hallway"", ""friendly_name"": ""bermuda tongai phone Bermuda Tracker"", ""icon"": ""mdi:bluetooth-connect"", ""scanner"": ""kai_proxy"", ""source_type"": ""bluetooth_le""}"
2025-11-14T08:12:07.757669+00:00,"hedge","04:42:1a:33:58:24","{""friendly_name"": ""TongaiSM25 Wi-Fi BSSID"", ""icon"": ""mdi:wifi""}","-75","{""device_class"": ""signal_strength"", ""friendly_name"": ""TongaiSM25 Wi-Fi signal strength"", ""icon"": ""mdi:wifi-strength-1"", ""state_class"": ""measurement"", ""unit_of_measurement"": ""dBm""}","Hallway","{""area_id"": ""3f079567e19f4b60aacf82f6cb69c4c9"", ""area_name"": ""Hallway"", ""current_mac"": ""57:1a:c6:1b:1e:37"", ""device_class"": ""bermuda__custom_device_class"", ""floor_id"": null, ""floor_level"": null, ""floor_name"": null, ""friendly_name"": ""bermuda tongai phone Area"", ""icon"": ""mdi:land-plots-marker""}","2.2","{""current_mac"": ""57:1a:c6:1b:1e:37"", ""device_class"": ""distance"", ""friendly_name"": ""bermuda tongai phone Distance"", ""state_class"": ""measurement"", ""unit_of_measurement"": ""m""}","home","{""area"": ""Hallway"", ""friendly_name"": ""bermuda tongai phone Bermuda Tracker"", ""icon"": ""mdi:bluetooth-connect"", ""scanner"": ""kai_proxy"", ""source_type"": ""bluetooth_le""}"
2025-11-14T08:12:09.350422+00:00,"hedge","04:42:1a:33:58:24","{""friendly_name"": ""TongaiSM25 Wi-Fi BSSID"", ""icon"": ""mdi:wifi""}","-75","{""device_class"": ""signal_strength"", ""friendly_name"": ""TongaiSM25 Wi-Fi signal strength"", ""icon"": ""mdi:wifi-strength-1"", ""state_class"": ""measurement"", ""unit_of_measurement"": ""dBm""}","Hallway","{""area_id"": ""3f079567e19f4b60aacf82f6cb69c4c9"", ""area_name"": ""Hallway"", ""current_mac"": ""57:1a:c6:1b:1e:37"", ""device_class"": ""bermuda__custom_device_class"", ""floor_id"": null, ""floor_level"": null, ""floor_name"": null, ""friendly_name"": ""bermuda tongai phone Area"", ""icon"": ""mdi:land-plots-marker""}","2.0","{""current_mac"": ""57:1a:c6:1b:1e:37"", ""device_class"": ""distance"", ""friendly_name"": ""bermuda tongai phone Distance"", ""state_class"": ""measurement"", ""unit_of_measurement"": ""m""}","home","{""area"": ""Hallway"", ""friendly_name"": ""bermuda tongai phone Bermuda Tracker"", ""icon"": ""mdi:bluetooth-connect"", ""scanner"": ""kai_proxy"", ""source_type"": ""bluetooth_le""}"
2025-11-14T08:12:20.343898+00:00,"wall","04:42:1a:33:58:24","{""friendly_name"": ""TongaiSM25 Wi-Fi BSSID"", ""icon"": ""mdi:wifi""}","-75","{""device_class"": ""signal_strength"", ""friendly_name"": ""TongaiSM25 Wi-Fi signal strength"", ""icon"": ""mdi:wifi-strength-1"", ""state_class"": ""measurement"", ""unit_of_measurement"": ""dBm""}","Hallway","{""area_id"": ""3f079567e19f4b60aacf82f6cb69c4c9"", ""area_name"": ""Hallway"", ""current_mac"": ""57:1a:c6:1b:1e:37"", ""device_class"": ""bermuda__custom_device_class"", ""floor_id"": null, ""floor_level"": null, ""floor_name"": null, ""friendly_name"": ""bermuda tongai phone Area"", ""icon"": ""mdi:land-plots-marker""}","0.0","{""current_mac"": ""57:1a:c6:1b:1e:37"", ""device_class"": ""distance"", ""friendly_name"": ""bermuda tongai phone Distance"", ""state_class"": ""measurement"", ""unit_of_measurement"": ""m""}","home","{""area"": ""Hallway"", ""friendly_name"": ""bermuda tongai phone Bermuda Tracker"", ""icon"": ""mdi:bluetooth-connect"", ""scanner"": ""kai_proxy"", ""source_type"": ""bluetooth_le""}"
2025-11-14T08:12:21.611136+00:00,"wall","04:42:1a:33:58:24","{""friendly_name"": ""TongaiSM25 Wi-Fi BSSID"", ""icon"": ""mdi:wifi""}","-75","{""device_class"": ""signal_strength"", ""friendly_name"": ""TongaiSM25 Wi-Fi signal strength"", ""icon"": ""mdi:wifi-strength-1"", ""state_class"": ""measurement"", ""unit_of_measurement"": ""dBm""}","Hallway","{""area_id"": ""3f079567e19f4b60aacf82f6cb69c4c9"", ""area_name"": ""Hallway"", ""current_mac"": ""57:1a:c6:1b:1e:37"", ""device_class"": ""bermuda__custom_device_class"", ""floor_id"": null, ""floor_level"": null, ""floor_name"": null, ""friendly_name"": ""bermuda tongai phone Area"", ""icon"": ""mdi:land-plots-marker""}","0.0","{""current_mac"": ""57:1a:c6:1b:1e:37"", ""device_class"": ""distance"", ""friendly_name"": ""bermuda tongai phone Distance"", ""state_class"": ""measurement"", ""unit_of_measurement"": ""m""}","home","{""area"": ""Hallway"", ""friendly_name"": ""bermuda tongai phone Bermuda Tracker"", ""icon"": ""mdi:bluetooth-connect"", ""scanner"": ""kai_proxy"", ""source_type"": ""bluetooth_le""}"
2025-11-14T08:12:31.556448+00:00,"tree","04:42:1a:33:58:24","{""friendly_name"": ""TongaiSM25 Wi-Fi BSSID"", ""icon"": ""mdi:wifi""}","-75","{""device_class"": ""signal_strength"", ""friendly_name"": ""TongaiSM25 Wi-Fi signal strength"", ""icon"": ""mdi:wifi-strength-1"", ""state_class"": ""measurement"", ""unit_of_measurement"": ""dBm""}","Hallway","{""area_id"": ""3f079567e19f4b60aacf82f6cb69c4c9"", ""area_name"": ""Hallway"", ""current_mac"": ""57:1a:c6:1b:1e:37"", ""device_class"": ""bermuda__custom_device_class"", ""floor_id"": null, ""floor_level"": null, ""floor_name"": null, ""friendly_name"": ""bermuda tongai phone Area"", ""icon"": ""mdi:land-plots-marker""}","0.3","{""current_mac"": ""57:1a:c6:1b:1e:37"", ""device_class"": ""distance"", ""friendly_name"": ""bermuda tongai phone Distance"", ""state_class"": ""measurement"", ""unit_of_measurement"": ""m""}","home","{""area"": ""Hallway"", ""friendly_name"": ""bermuda tongai phone Bermuda Tracker"", ""icon"": ""mdi:bluetooth-connect"", ""scanner"": ""kai_proxy"", ""source_type"": ""bluetooth_le""}"
2025-11-14T08:12:33.952015+00:00,"tree","04:42:1a:33:58:24","{""friendly_name"": ""TongaiSM25 Wi-Fi BSSID"", ""icon"": ""mdi:wifi""}","-75","{""device_class"": ""signal_strength"", ""friendly_name"": ""TongaiSM25 Wi-Fi signal strength"", ""icon"": ""mdi:wifi-strength-1"", ""state_class"": ""measurement"", ""unit_of_measurement"": ""dBm""}","Hallway","{""area_id"": ""3f079567e19f4b60aacf82f6cb69c4c9"", ""area_name"": ""Hallway"", ""current_mac"": ""57:1a:c6:1b:1e:37"", ""device_class"": ""bermuda__custom_device_class"", ""floor_id"": null, ""floor_level"": null, ""floor_name"": null, ""friendly_name"": ""bermuda tongai phone Area"", ""icon"": ""mdi:land-plots-marker""}","0.6","{""current_mac"": ""57:1a:c6:1b:1e:37"", ""device_class"": ""distance"", ""friendly_name"": ""bermuda tongai phone Distance"", ""state_class"": ""measurement"", ""unit_of_measurement"": ""m""}","home","{""area"": ""Hallway"", ""friendly_name"": ""bermuda tongai phone Bermuda Tracker"", ""icon"": ""mdi:bluetooth-connect"", ""scanner"": ""kai_proxy"", ""source_type"": ""bluetooth_le""}"
2025-11-14T08:12:59.473029+00:00,"gordon","04:42:1a:33:58:24","{""friendly_name"": ""TongaiSM25 Wi-Fi BSSID"", ""icon"": ""mdi:wifi""}","-75","{""device_class"": ""signal_strength"", ""friendly_name"": ""TongaiSM25 Wi-Fi signal strength"", ""icon"": ""mdi:wifi-strength-1"", ""state_class"": ""measurement"", ""unit_of_measurement"": ""dBm""}","Hallway","{""area_id"": ""3f079567e19f4b60aacf82f6cb69c4c9"", ""area_name"": ""Hallway"", ""current_mac"": ""57:1a:c6:1b:1e:37"", ""device_class"": ""bermuda__custom_device_class"", ""floor_id"": null, ""floor_level"": null, ""floor_name"": null, ""friendly_name"": ""bermuda tongai phone Area"", ""icon"": ""mdi:land-plots-marker""}","0.7","{""current_mac"": ""57:1a:c6:1b:1e:37"", ""device_class"": ""distance"", ""friendly_name"": ""bermuda tongai phone Distance"", ""state_class"": ""measurement"", ""unit_of_measurement"": ""m""}","home","{""area"": ""Hallway"", ""friendly_name"": ""bermuda tongai phone Bermuda Tracker"", ""icon"": ""mdi:bluetooth-connect"", ""scanner"": ""kai_proxy"", ""source_type"": ""bluetooth_le""}"
2025-11-14T08:13:01.422949+00:00,"gordon","04:42:1a:33:58:24","{""friendly_name"": ""TongaiSM25 Wi-Fi BSSID"", ""icon"": ""mdi:wifi""}","-75","{""device_class"": ""signal_strength"", ""friendly_name"": ""TongaiSM25 Wi-Fi signal strength"", ""icon"": ""mdi:wifi-strength-1"", ""state_class"": ""measurement"", ""unit_of_measurement"": ""dBm""}","Hallway","{""area_id"": ""3f079567e19f4b60aacf82f6cb69c4c9"", ""area_name"": ""Hallway"", ""current_mac"": ""57:1a:c6:1b:1e:37"", ""device_class"": ""bermuda__custom_device_class"", ""floor_id"": null, ""floor_level"": null, ""floor_name"": null, ""friendly_name"": ""bermuda tongai phone Area"", ""icon"": ""mdi:land-plots-marker""}","0.5","{""current_mac"": ""57:1a:c6:1b:1e:37"", ""device_class"": ""distance"", ""friendly_name"": ""bermuda tongai phone Distance"", ""state_class"": ""measurement"", ""unit_of_measurement"": ""m""}","home","{""area"": ""Hallway"", ""friendly_name"": ""bermuda tongai phone Bermuda Tracker"", ""icon"": ""mdi:bluetooth-connect"", ""scanner"": ""kai_proxy"", ""source_type"": ""bluetooth_le""}"
2025-11-14T08:14:15.713844+00:00,"patio door","04:42:1a:33:91:64","{""friendly_name"": ""TongaiSM25 Wi-Fi BSSID"", ""icon"": ""mdi:wifi""}","-70","{""device_class"": ""signal_strength"", ""friendly_name"": ""TongaiSM25 Wi-Fi signal strength"", ""icon"": ""mdi:wifi-strength-2"", ""state_class"": ""measurement"", ""unit_of_measurement"": ""dBm""}","Dining Area","{""area_id"": ""4a717313f08d43c19700b672f44f644b"", ""area_name"": ""Dining Area"", ""current_mac"": ""57:1a:c6:1b:1e:37"", ""device_class"": ""bermuda__custom_device_class"", ""floor_id"": null, ""floor_level"": null, ""floor_name"": null, ""friendly_name"": ""bermuda tongai phone Area"", ""icon"": ""mdi:land-plots-marker""}","0.2","{""current_mac"": ""57:1a:c6:1b:1e:37"", ""device_class"": ""distance"", ""friendly_name"": ""bermuda tongai phone Distance"", ""state_class"": ""measurement"", ""unit_of_measurement"": ""m""}","home","{""area"": ""Dining Area"", ""friendly_name"": ""bermuda tongai phone Bermuda Tracker"", ""icon"": ""mdi:bluetooth-connect"", ""scanner"": ""zane-proxy"", ""source_type"": ""bluetooth_le""}"
2025-11-14T08:14:17.167416+00:00,"patio door","04:42:1a:33:91:64","{""friendly_name"": ""TongaiSM25 Wi-Fi BSSID"", ""icon"": ""mdi:wifi""}","-70","{""device_class"": ""signal_strength"", ""friendly_name"": ""TongaiSM25 Wi-Fi signal strength"", ""icon"": ""mdi:wifi-strength-2"", ""state_class"": ""measurement"", ""unit_of_measurement"": ""dBm""}","Dining Area","{""area_id"": ""4a717313f08d43c19700b672f44f644b"", ""area_name"": ""Dining Area"", ""current_mac"": ""57:1a:c6:1b:1e:37"", ""device_class"": ""bermuda__custom_device_class"", ""floor_id"": null, ""floor_level"": null, ""floor_name"": null, ""friendly_name"": ""bermuda tongai phone Area"", ""icon"": ""mdi:land-plots-marker""}","0.2","{""current_mac"": ""57:1a:c6:1b:1e:37"", ""device_class"": ""distance"", ""friendly_name"": ""bermuda tongai phone Distance"", ""state_class"": ""measurement"", ""unit_of_measurement"": ""m""}","home","{""area"": ""Dining Area"", ""friendly_name"": ""bermuda tongai phone Bermuda Tracker"", ""icon"": ""mdi:bluetooth-connect"", ""scanner"": ""zane-proxy"", ""source_type"": ""bluetooth_le""}"
2025-11-14T08:14:30.355601+00:00,"patio","fc:34:97:ae:05:b4","{""friendly_name"": ""TongaiSM25 Wi-Fi BSSID"", ""icon"": ""mdi:wifi""}","-69","{""device_class"": ""signal_strength"", ""friendly_name"": ""TongaiSM25 Wi-Fi signal strength"", ""icon"": ""mdi:wifi-strength-2"", ""state_class"": ""measurement"", ""unit_of_measurement"": ""dBm""}","Hallway","{""area_id"": ""3f079567e19f4b60aacf82f6cb69c4c9"", ""area_name"": ""Hallway"", ""current_mac"": ""57:1a:c6:1b:1e:37"", ""device_class"": ""bermuda__custom_device_class"", ""floor_id"": null, ""floor_level"": null, ""floor_name"": null, ""friendly_name"": ""bermuda tongai phone Area"", ""icon"": ""mdi:land-plots-marker""}","1.7","{""current_mac"": ""57:1a:c6:1b:1e:37"", ""device_class"": ""distance"", ""friendly_name"": ""bermuda tongai phone Distance"", ""state_class"": ""measurement"", ""unit_of_measurement"": ""m""}","home","{""area"": ""Hallway"", ""friendly_name"": ""bermuda tongai phone Bermuda Tracker"", ""icon"": ""mdi:bluetooth-connect"", ""scanner"": ""kai_proxy"", ""source_type"": ""bluetooth_le""}"
2025-11-14T08:14:31.336541+00:00,"patio","fc:34:97:ae:05:b4","{""friendly_name"": ""TongaiSM25 Wi-Fi BSSID"", ""icon"": ""mdi:wifi""}","-69","{""device_class"": ""signal_strength"", ""friendly_name"": ""TongaiSM25 Wi-Fi signal strength"", ""icon"": ""mdi:wifi-strength-2"", ""state_class"": ""measurement"", ""unit_of_measurement"": ""dBm""}","Hallway","{""area_id"": ""3f079567e19f4b60aacf82f6cb69c4c9"", ""area_name"": ""Hallway"", ""current_mac"": ""57:1a:c6:1b:1e:37"", ""device_class"": ""bermuda__custom_device_class"", ""floor_id"": null, ""floor_level"": null, ""floor_name"": null, ""friendly_name"": ""bermuda tongai phone Area"", ""icon"": ""mdi:land-plots-marker""}","1.7","{""current_mac"": ""57:1a:c6:1b:1e:37"", ""device_class"": ""distance"", ""friendly_name"": ""bermuda tongai phone Distance"", ""state_class"": ""measurement"", ""unit_of_measurement"": ""m""}","home","{""area"": ""Hallway"", ""friendly_name"": ""bermuda tongai phone Bermuda Tracker"", ""icon"": ""mdi:bluetooth-connect"", ""scanner"": ""kai_proxy"", ""source_type"": ""bluetooth_le""}"
2025-11-14T08:14:44.110806+00:00,"garden A middle","fc:34:97:ae:05:b4","{""friendly_name"": ""TongaiSM25 Wi-Fi BSSID"", ""icon"": ""mdi:wifi""}","-69","{""device_class"": ""signal_strength"", ""friendly_name"": ""TongaiSM25 Wi-Fi signal strength"", ""icon"": ""mdi:wifi-strength-2"", ""state_class"": ""measurement"", ""unit_of_measurement"": ""dBm""}","Hallway","{""area_id"": ""3f079567e19f4b60aacf82f6cb69c4c9"", ""area_name"": ""Hallway"", ""current_mac"": ""57:1a:c6:1b:1e:37"", ""device_class"": ""bermuda__custom_device_class"", ""floor_id"": null, ""floor_level"": null, ""floor_name"": null, ""friendly_name"": ""bermuda tongai phone Area"", ""icon"": ""mdi:land-plots-marker""}","1.7","{""current_mac"": ""57:1a:c6:1b:1e:37"", ""device_class"": ""distance"", ""friendly_name"": ""bermuda tongai phone Distance"", ""state_class"": ""measurement"", ""unit_of_measurement"": ""m""}","home","{""area"": ""Hallway"", ""friendly_name"": ""bermuda tongai phone Bermuda Tracker"", ""icon"": ""mdi:bluetooth-connect"", ""scanner"": ""kai_proxy"", ""source_type"": ""bluetooth_le""}"
2025-11-14T08:14:45.296852+00:00,"garden A middle","fc:34:97:ae:05:b4","{""friendly_name"": ""TongaiSM25 Wi-Fi BSSID"", ""icon"": ""mdi:wifi""}","-69","{""device_class"": ""signal_strength"", ""friendly_name"": ""TongaiSM25 Wi-Fi signal strength"", ""icon"": ""mdi:wifi-strength-2"", ""state_class"": ""measurement"", ""unit_of_measurement"": ""dBm""}","Hallway","{""area_id"": ""3f079567e19f4b60aacf82f6cb69c4c9"", ""area_name"": ""Hallway"", ""current_mac"": ""57:1a:c6:1b:1e:37"", ""device_class"": ""bermuda__custom_device_class"", ""floor_id"": null, ""floor_level"": null, ""floor_name"": null, ""friendly_name"": ""bermuda tongai phone Area"", ""icon"": ""mdi:land-plots-marker""}","1.7","{""current_mac"": ""57:1a:c6:1b:1e:37"", ""device_class"": ""distance"", ""friendly_name"": ""bermuda tongai phone Distance"", ""state_class"": ""measurement"", ""unit_of_measurement"": ""m""}","home","{""area"": ""Hallway"", ""friendly_name"": ""bermuda tongai phone Bermuda Tracker"", ""icon"": ""mdi:bluetooth-connect"", ""scanner"": ""kai_proxy"", ""source_type"": ""bluetooth_le""}"
2025-11-14T08:15:02.786386+00:00,"garden B middle","fc:34:97:ae:05:b4","{""friendly_name"": ""TongaiSM25 Wi-Fi BSSID"", ""icon"": ""mdi:wifi""}","-69","{""device_class"": ""signal_strength"", ""friendly_name"": ""TongaiSM25 Wi-Fi signal strength"", ""icon"": ""mdi:wifi-strength-2"", ""state_class"": ""measurement"", ""unit_of_measurement"": ""dBm""}","Loft","{""area_id"": ""f52ffae31f4747e8b9a02f257a8ed69b"", ""area_name"": ""Loft"", ""current_mac"": ""57:1a:c6:1b:1e:37"", ""device_class"": ""bermuda__custom_device_class"", ""floor_id"": null, ""floor_level"": null, ""floor_name"": null, ""friendly_name"": ""bermuda tongai phone Area"", ""icon"": ""mdi:land-plots-marker""}","2.4","{""current_mac"": ""57:1a:c6:1b:1e:37"", ""device_class"": ""distance"", ""friendly_name"": ""bermuda tongai phone Distance"", ""state_class"": ""measurement"", ""unit_of_measurement"": ""m""}","home","{""area"": ""Loft"", ""friendly_name"": ""bermuda tongai phone Bermuda Tracker"", ""icon"": ""mdi:bluetooth-connect"", ""scanner"": ""Bedroom Presence"", ""source_type"": ""bluetooth_le""}"
2025-11-14T08:15:04.077457+00:00,"garden B middle","fc:34:97:ae:05:b4","{""friendly_name"": ""TongaiSM25 Wi-Fi BSSID"", ""icon"": ""mdi:wifi""}","-69","{""device_class"": ""signal_strength"", ""friendly_name"": ""TongaiSM25 Wi-Fi signal strength"", ""icon"": ""mdi:wifi-strength-2"", ""state_class"": ""measurement"", ""unit_of_measurement"": ""dBm""}","Loft","{""area_id"": ""f52ffae31f4747e8b9a02f257a8ed69b"", ""area_name"": ""Loft"", ""current_mac"": ""57:1a:c6:1b:1e:37"", ""device_class"": ""bermuda__custom_device_class"", ""floor_id"": null, ""floor_level"": null, ""floor_name"": null, ""friendly_name"": ""bermuda tongai phone Area"", ""icon"": ""mdi:land-plots-marker""}","2.4","{""current_mac"": ""57:1a:c6:1b:1e:37"", ""device_class"": ""distance"", ""friendly_name"": ""bermuda tongai phone Distance"", ""state_class"": ""measurement"", ""unit_of_measurement"": ""m""}","home","{""area"": ""Loft"", ""friendly_name"": ""bermuda tongai phone Bermuda Tracker"", ""icon"": ""mdi:bluetooth-connect"", ""scanner"": ""Bedroom Presence"", ""source_type"": ""bluetooth_le""}"
2025-11-14T08:15:37.378227+00:00,"garden C middle","fc:34:97:ae:05:b4","{""friendly_name"": ""TongaiSM25 Wi-Fi BSSID"", ""icon"": ""mdi:wifi""}","-69","{""device_class"": ""signal_strength"", ""friendly_name"": ""TongaiSM25 Wi-Fi signal strength"", ""icon"": ""mdi:wifi-strength-2"", ""state_class"": ""measurement"", ""unit_of_measurement"": ""dBm""}","unknown","{""area_id"": null, ""area_name"": null, ""current_mac"": ""57:1a:c6:1b:1e:37"", ""device_class"": ""bermuda__custom_device_class"", ""floor_id"": null, ""floor_level"": null, ""floor_name"": null, ""friendly_name"": ""bermuda tongai phone Area"", ""icon"": ""mdi:land-plots-marker""}","unknown","{""current_mac"": ""57:1a:c6:1b:1e:37"", ""device_class"": ""distance"", ""friendly_name"": ""bermuda tongai phone Distance"", ""state_class"": ""measurement"", ""unit_of_measurement"": ""m""}","not_home","{""area"": null, ""friendly_name"": ""bermuda tongai phone Bermuda Tracker"", ""icon"": ""mdi:bluetooth-off"", ""scanner"": null, ""source_type"": ""bluetooth_le""}"
2025-11-14T08:15:39.377253+00:00,"garden C middle","fc:34:97:ae:05:b4","{""friendly_name"": ""TongaiSM25 Wi-Fi BSSID"", ""icon"": ""mdi:wifi""}","-69","{""device_class"": ""signal_strength"", ""friendly_name"": ""TongaiSM25 Wi-Fi signal strength"", ""icon"": ""mdi:wifi-strength-2"", ""state_class"": ""measurement"", ""unit_of_measurement"": ""dBm""}","unknown","{""area_id"": null, ""area_name"": null, ""current_mac"": ""57:1a:c6:1b:1e:37"", ""device_class"": ""bermuda__custom_device_class"", ""floor_id"": null, ""floor_level"": null, ""floor_name"": null, ""friendly_name"": ""bermuda tongai phone Area"", ""icon"": ""mdi:land-plots-marker""}","unknown","{""current_mac"": ""57:1a:c6:1b:1e:37"", ""device_class"": ""distance"", ""friendly_name"": ""bermuda tongai phone Distance"", ""state_class"": ""measurement"", ""unit_of_measurement"": ""m""}","not_home","{""area"": null, ""friendly_name"": ""bermuda tongai phone Bermuda Tracker"", ""icon"": ""mdi:bluetooth-off"", ""scanner"": null, ""source_type"": ""bluetooth_le""}"
2025-11-14T08:15:58.738655+00:00,"garden C far","fc:34:97:ae:05:b4","{""friendly_name"": ""TongaiSM25 Wi-Fi BSSID"", ""icon"": ""mdi:wifi""}","-69","{""device_class"": ""signal_strength"", ""friendly_name"": ""TongaiSM25 Wi-Fi signal strength"", ""icon"": ""mdi:wifi-strength-2"", ""state_class"": ""measurement"", ""unit_of_measurement"": ""dBm""}","unknown","{""area_id"": null, ""area_name"": null, ""current_mac"": ""57:1a:c6:1b:1e:37"", ""device_class"": ""bermuda__custom_device_class"", ""floor_id"": null, ""floor_level"": null, ""floor_name"": null, ""friendly_name"": ""bermuda tongai phone Area"", ""icon"": ""mdi:land-plots-marker""}","unknown","{""current_mac"": ""57:1a:c6:1b:1e:37"", ""device_class"": ""distance"", ""friendly_name"": ""bermuda tongai phone Distance"", ""state_class"": ""measurement"", ""unit_of_measurement"": ""m""}","not_home","{""area"": null, ""friendly_name"": ""bermuda tongai phone Bermuda Tracker"", ""icon"": ""mdi:bluetooth-off"", ""scanner"": null, ""source_type"": ""bluetooth_le""}"
2025-11-14T08:16:00.010259+00:00,"garden C far","fc:34:97:ae:05:b4","{""friendly_name"": ""TongaiSM25 Wi-Fi BSSID"", ""icon"": ""mdi:wifi""}","-69","{""device_class"": ""signal_strength"", ""friendly_name"": ""TongaiSM25 Wi-Fi signal strength"", ""icon"": ""mdi:wifi-strength-2"", ""state_class"": ""measurement"", ""unit_of_measurement"": ""dBm""}","unknown","{""area_id"": null, ""area_name"": null, ""current_mac"": ""57:1a:c6:1b:1e:37"", ""device_class"": ""bermuda__custom_device_class"", ""floor_id"": null, ""floor_level"": null, ""floor_name"": null, ""friendly_name"": ""bermuda tongai phone Area"", ""icon"": ""mdi:land-plots-marker""}","unknown","{""current_mac"": ""57:1a:c6:1b:1e:37"", ""device_class"": ""distance"", ""friendly_name"": ""bermuda tongai phone Distance"", ""state_class"": ""measurement"", ""unit_of_measurement"": ""m""}","not_home","{""area"": null, ""friendly_name"": ""bermuda tongai phone Bermuda Tracker"", ""icon"": ""mdi:bluetooth-off"", ""scanner"": null, ""source_type"": ""bluetooth_le""}"
2025-11-14T08:16:31.552102+00:00,"garden D middle","fc:34:97:ae:05:b4","{""friendly_name"": ""TongaiSM25 Wi-Fi BSSID"", ""icon"": ""mdi:wifi""}","-69","{""device_class"": ""signal_strength"", ""friendly_name"": ""TongaiSM25 Wi-Fi signal strength"", ""icon"": ""mdi:wifi-strength-2"", ""state_class"": ""measurement"", ""unit_of_measurement"": ""dBm""}","unknown","{""area_id"": null, ""area_name"": null, ""current_mac"": ""57:1a:c6:1b:1e:37"", ""device_class"": ""bermuda__custom_device_class"", ""floor_id"": null, ""floor_level"": null, ""floor_name"": null, ""friendly_name"": ""bermuda tongai phone Area"", ""icon"": ""mdi:land-plots-marker""}","unknown","{""current_mac"": ""57:1a:c6:1b:1e:37"", ""device_class"": ""distance"", ""friendly_name"": ""bermuda tongai phone Distance"", ""state_class"": ""measurement"", ""unit_of_measurement"": ""m""}","not_home","{""area"": null, ""friendly_name"": ""bermuda tongai phone Bermuda Tracker"", ""icon"": ""mdi:bluetooth-off"", ""scanner"": null, ""source_type"": ""bluetooth_le""}"
2025-11-14T08:16:32.859515+00:00,"garden D middle","fc:34:97:ae:05:b4","{""friendly_name"": ""TongaiSM25 Wi-Fi BSSID"", ""icon"": ""mdi:wifi""}","-69","{""device_class"": ""signal_strength"", ""friendly_name"": ""TongaiSM25 Wi-Fi signal strength"", ""icon"": ""mdi:wifi-strength-2"", ""state_class"": ""measurement"", ""unit_of_measurement"": ""dBm""}","unknown","{""area_id"": null, ""area_name"": null, ""current_mac"": ""57:1a:c6:1b:1e:37"", ""device_class"": ""bermuda__custom_device_class"", ""floor_id"": null, ""floor_level"": null, ""floor_name"": null, ""friendly_name"": ""bermuda tongai phone Area"", ""icon"": ""mdi:land-plots-marker""}","unknown","{""current_mac"": ""57:1a:c6:1b:1e:37"", ""device_class"": ""distance"", ""friendly_name"": ""bermuda tongai phone Distance"", ""state_class"": ""measurement"", ""unit_of_measurement"": ""m""}","not_home","{""area"": null, ""friendly_name"": ""bermuda tongai phone Bermuda Tracker"", ""icon"": ""mdi:bluetooth-off"", ""scanner"": null, ""source_type"": ""bluetooth_le""}"
2025-11-14T08:44:41.648341+00:00,"E","04:42:1a:da:ea:d4","{""friendly_name"": ""TongaiSM25 Wi-Fi BSSID"", ""icon"": ""mdi:wifi""}","-65","{""device_class"": ""signal_strength"", ""friendly_name"": ""TongaiSM25 Wi-Fi signal strength"", ""icon"": ""mdi:wifi-strength-2"", ""state_class"": ""measurement"", ""unit_of_measurement"": ""dBm""}","Hallway","{""area_id"": ""3f079567e19f4b60aacf82f6cb69c4c9"", ""area_name"": ""Hallway"", ""current_mac"": ""64:c3:6a:6b:b3:e7"", ""device_class"": ""bermuda__custom_device_class"", ""floor_id"": null, ""floor_level"": null, ""floor_name"": null, ""friendly_name"": ""bermuda tongai phone Area"", ""icon"": ""mdi:land-plots-marker""}","1.8","{""current_mac"": ""64:c3:6a:6b:b3:e7"", ""device_class"": ""distance"", ""friendly_name"": ""bermuda tongai phone Distance"", ""state_class"": ""measurement"", ""unit_of_measurement"": ""m""}","home","{""area"": ""Hallway"", ""friendly_name"": ""bermuda tongai phone Bermuda Tracker"", ""icon"": ""mdi:bluetooth-connect"", ""scanner"": ""kai_proxy"", ""source_type"": ""bluetooth_le""}"
2025-11-14T08:44:57.859653+00:00,"H","04:42:1a:da:ea:d4","{""friendly_name"": ""TongaiSM25 Wi-Fi BSSID"", ""icon"": ""mdi:wifi""}","-65","{""device_class"": ""signal_strength"", ""friendly_name"": ""TongaiSM25 Wi-Fi signal strength"", ""icon"": ""mdi:wifi-strength-2"", ""state_class"": ""measurement"", ""unit_of_measurement"": ""dBm""}","Loft","{""area_id"": ""f52ffae31f4747e8b9a02f257a8ed69b"", ""area_name"": ""Loft"", ""current_mac"": ""64:c3:6a:6b:b3:e7"", ""device_class"": ""bermuda__custom_device_class"", ""floor_id"": null, ""floor_level"": null, ""floor_name"": null, ""friendly_name"": ""bermuda tongai phone Area"", ""icon"": ""mdi:land-plots-marker""}","0.5","{""current_mac"": ""64:c3:6a:6b:b3:e7"", ""device_class"": ""distance"", ""friendly_name"": ""bermuda tongai phone Distance"", ""state_class"": ""measurement"", ""unit_of_measurement"": ""m""}","home","{""area"": ""Loft"", ""friendly_name"": ""bermuda tongai phone Bermuda Tracker"", ""icon"": ""mdi:bluetooth-connect"", ""scanner"": ""Bedroom Presence"", ""source_type"": ""bluetooth_le""}"
2025-11-14T08:44:59.105779+00:00,"H","04:42:1a:da:ea:d4","{""friendly_name"": ""TongaiSM25 Wi-Fi BSSID"", ""icon"": ""mdi:wifi""}","-65","{""device_class"": ""signal_strength"", ""friendly_name"": ""TongaiSM25 Wi-Fi signal strength"", ""icon"": ""mdi:wifi-strength-2"", ""state_class"": ""measurement"", ""unit_of_measurement"": ""dBm""}","Loft","{""area_id"": ""f52ffae31f4747e8b9a02f257a8ed69b"", ""area_name"": ""Loft"", ""current_mac"": ""64:c3:6a:6b:b3:e7"", ""device_class"": ""bermuda__custom_device_class"", ""floor_id"": null, ""floor_level"": null, ""floor_name"": null, ""friendly_name"": ""bermuda tongai phone Area"", ""icon"": ""mdi:land-plots-marker""}","0.6","{""current_mac"": ""64:c3:6a:6b:b3:e7"", ""device_class"": ""distance"", ""friendly_name"": ""bermuda tongai phone Distance"", ""state_class"": ""measurement"", ""unit_of_measurement"": ""m""}","home","{""area"": ""Loft"", ""friendly_name"": ""bermuda tongai phone Bermuda Tracker"", ""icon"": ""mdi:bluetooth-connect"", ""scanner"": ""Bedroom Presence"", ""source_type"": ""bluetooth_le""}"
2025-11-14T10:15:43.500452+00:00,"inside front door","04:42:1a:33:58:24","{""friendly_name"": ""TongaiSM25 Wi-Fi BSSID"", ""icon"": ""mdi:wifi""}","-66","{""device_class"": ""signal_strength"", ""friendly_name"": ""TongaiSM25 Wi-Fi signal strength"", ""icon"": ""mdi:wifi-strength-2"", ""state_class"": ""measurement"", ""unit_of_measurement"": ""dBm""}","Hallway","{""area_id"": ""3f079567e19f4b60aacf82f6cb69c4c9"", ""area_name"": ""Hallway"", ""current_mac"": ""6d:16:2a:61:d5:48"", ""device_class"": ""bermuda__custom_device_class"", ""floor_id"": null, ""floor_level"": null, ""floor_name"": null, ""friendly_name"": ""bermuda tongai phone Area"", ""icon"": ""mdi:land-plots-marker""}","2.7","{""current_mac"": ""6d:16:2a:61:d5:48"", ""device_class"": ""distance"", ""friendly_name"": ""bermuda tongai phone Distance"", ""state_class"": ""measurement"", ""unit_of_measurement"": ""m""}","home","{""area"": ""Hallway"", ""friendly_name"": ""bermuda tongai phone Bermuda Tracker"", ""icon"": ""mdi:bluetooth-connect"", ""scanner"": ""kai_proxy"", ""source_type"": ""bluetooth_le""}"
2025-11-14T10:15:59.877252+00:00,"outside front door","04:42:1a:33:58:24","{""friendly_name"": ""TongaiSM25 Wi-Fi BSSID"", ""icon"": ""mdi:wifi""}","-66","{""device_class"": ""signal_strength"", ""friendly_name"": ""TongaiSM25 Wi-Fi signal strength"", ""icon"": ""mdi:wifi-strength-2"", ""state_class"": ""measurement"", ""unit_of_measurement"": ""dBm""}","Hallway","{""area_id"": ""3f079567e19f4b60aacf82f6cb69c4c9"", ""area_name"": ""Hallway"", ""current_mac"": ""6d:16:2a:61:d5:48"", ""device_class"": ""bermuda__custom_device_class"", ""floor_id"": null, ""floor_level"": null, ""floor_name"": null, ""friendly_name"": ""bermuda tongai phone Area"", ""icon"": ""mdi:land-plots-marker""}","1.5","{""current_mac"": ""6d:16:2a:61:d5:48"", ""device_class"": ""distance"", ""friendly_name"": ""bermuda tongai phone Distance"", ""state_class"": ""measurement"", ""unit_of_measurement"": ""m""}","home","{""area"": ""Hallway"", ""friendly_name"": ""bermuda tongai phone Bermuda Tracker"", ""icon"": ""mdi:bluetooth-connect"", ""scanner"": ""kai_proxy"", ""source_type"": ""bluetooth_le""}"
2025-11-14T10:16:00.573633+00:00,"outside front door","04:42:1a:33:58:24","{""friendly_name"": ""TongaiSM25 Wi-Fi BSSID"", ""icon"": ""mdi:wifi""}","-66","{""device_class"": ""signal_strength"", ""friendly_name"": ""TongaiSM25 Wi-Fi signal strength"", ""icon"": ""mdi:wifi-strength-2"", ""state_class"": ""measurement"", ""unit_of_measurement"": ""dBm""}","Hallway","{""area_id"": ""3f079567e19f4b60aacf82f6cb69c4c9"", ""area_name"": ""Hallway"", ""current_mac"": ""6d:16:2a:61:d5:48"", ""device_class"": ""bermuda__custom_device_class"", ""floor_id"": null, ""floor_level"": null, ""floor_name"": null, ""friendly_name"": ""bermuda tongai phone Area"", ""icon"": ""mdi:land-plots-marker""}","1.6","{""current_mac"": ""6d:16:2a:61:d5:48"", ""device_class"": ""distance"", ""friendly_name"": ""bermuda tongai phone Distance"", ""state_class"": ""measurement"", ""unit_of_measurement"": ""m""}","home","{""area"": ""Hallway"", ""friendly_name"": ""bermuda tongai phone Bermuda Tracker"", ""icon"": ""mdi:bluetooth-connect"", ""scanner"": ""kai_proxy"", ""source_type"": ""bluetooth_le""}"
2025-11-14T10:16:06.430820+00:00,"outside garage","04:42:1a:33:58:24","{""friendly_name"": ""TongaiSM25 Wi-Fi BSSID"", ""icon"": ""mdi:wifi""}","-64","{""device_class"": ""signal_strength"", ""friendly_name"": ""TongaiSM25 Wi-Fi signal strength"", ""icon"": ""mdi:wifi-strength-2"", ""state_class"": ""measurement"", ""unit_of_measurement"": ""dBm""}","Hallway","{""area_id"": ""3f079567e19f4b60aacf82f6cb69c4c9"", ""area_name"": ""Hallway"", ""current_mac"": ""6d:16:2a:61:d5:48"", ""device_class"": ""bermuda__custom_device_class"", ""floor_id"": null, ""floor_level"": null, ""floor_name"": null, ""friendly_name"": ""bermuda tongai phone Area"", ""icon"": ""mdi:land-plots-marker""}","2.8","{""current_mac"": ""6d:16:2a:61:d5:48"", ""device_class"": ""distance"", ""friendly_name"": ""bermuda tongai phone Distance"", ""state_class"": ""measurement"", ""unit_of_measurement"": ""m""}","home","{""area"": ""Hallway"", ""friendly_name"": ""bermuda tongai phone Bermuda Tracker"", ""icon"": ""mdi:bluetooth-connect"", ""scanner"": ""kai_proxy"", ""source_type"": ""bluetooth_le""}"
2025-11-14T10:16:07.151762+00:00,"outside garage","04:42:1a:33:58:24","{""friendly_name"": ""TongaiSM25 Wi-Fi BSSID"", ""icon"": ""mdi:wifi""}","-64","{""device_class"": ""signal_strength"", ""friendly_name"": ""TongaiSM25 Wi-Fi signal strength"", ""icon"": ""mdi:wifi-strength-2"", ""state_class"": ""measurement"", ""unit_of_measurement"": ""dBm""}","Hallway","{""area_id"": ""3f079567e19f4b60aacf82f6cb69c4c9"", ""area_name"": ""Hallway"", ""current_mac"": ""6d:16:2a:61:d5:48"", ""device_class"": ""bermuda__custom_device_class"", ""floor_id"": null, ""floor_level"": null, ""floor_name"": null, ""friendly_name"": ""bermuda tongai phone Area"", ""icon"": ""mdi:land-plots-marker""}","2.8","{""current_mac"": ""6d:16:2a:61:d5:48"", ""device_class"": ""distance"", ""friendly_name"": ""bermuda tongai phone Distance"", ""state_class"": ""measurement"", ""unit_of_measurement"": ""m""}","home","{""area"": ""Hallway"", ""friendly_name"": ""bermuda tongai phone Bermuda Tracker"", ""icon"": ""mdi:bluetooth-connect"", ""scanner"": ""kai_proxy"", ""source_type"": ""bluetooth_le""}"
2025-11-14T10:16:14.419278+00:00,"car door driver","04:42:1a:33:58:24","{""friendly_name"": ""TongaiSM25 Wi-Fi BSSID"", ""icon"": ""mdi:wifi""}","-64","{""device_class"": ""signal_strength"", ""friendly_name"": ""TongaiSM25 Wi-Fi signal strength"", ""icon"": ""mdi:wifi-strength-2"", ""state_class"": ""measurement"", ""unit_of_measurement"": ""dBm""}","Hallway","{""area_id"": ""3f079567e19f4b60aacf82f6cb69c4c9"", ""area_name"": ""Hallway"", ""current_mac"": ""6d:16:2a:61:d5:48"", ""device_class"": ""bermuda__custom_device_class"", ""floor_id"": null, ""floor_level"": null, ""floor_name"": null, ""friendly_name"": ""bermuda tongai phone Area"", ""icon"": ""mdi:land-plots-marker""}","4.3","{""current_mac"": ""6d:16:2a:61:d5:48"", ""device_class"": ""distance"", ""friendly_name"": ""bermuda tongai phone Distance"", ""state_class"": ""measurement"", ""unit_of_measurement"": ""m""}","home","{""area"": ""Hallway"", ""friendly_name"": ""bermuda tongai phone Bermuda Tracker"", ""icon"": ""mdi:bluetooth-connect"", ""scanner"": ""kai_proxy"", ""source_type"": ""bluetooth_le""}"
2025-11-14T10:16:15.034731+00:00,"car door driver","04:42:1a:33:58:24","{""friendly_name"": ""TongaiSM25 Wi-Fi BSSID"", ""icon"": ""mdi:wifi""}","-64","{""device_class"": ""signal_strength"", ""friendly_name"": ""TongaiSM25 Wi-Fi signal strength"", ""icon"": ""mdi:wifi-strength-2"", ""state_class"": ""measurement"", ""unit_of_measurement"": ""dBm""}","Hallway","{""area_id"": ""3f079567e19f4b60aacf82f6cb69c4c9"", ""area_name"": ""Hallway"", ""current_mac"": ""6d:16:2a:61:d5:48"", ""device_class"": ""bermuda__custom_device_class"", ""floor_id"": null, ""floor_level"": null, ""floor_name"": null, ""friendly_name"": ""bermuda tongai phone Area"", ""icon"": ""mdi:land-plots-marker""}","4.3","{""current_mac"": ""6d:16:2a:61:d5:48"", ""device_class"": ""distance"", ""friendly_name"": ""bermuda tongai phone Distance"", ""state_class"": ""measurement"", ""unit_of_measurement"": ""m""}","home","{""area"": ""Hallway"", ""friendly_name"": ""bermuda tongai phone Bermuda Tracker"", ""icon"": ""mdi:bluetooth-connect"", ""scanner"": ""kai_proxy"", ""source_type"": ""bluetooth_le""}"
2025-11-14T10:16:21.958948+00:00,"wall","04:42:1a:33:58:24","{""friendly_name"": ""TongaiSM25 Wi-Fi BSSID"", ""icon"": ""mdi:wifi""}","-64","{""device_class"": ""signal_strength"", ""friendly_name"": ""TongaiSM25 Wi-Fi signal strength"", ""icon"": ""mdi:wifi-strength-2"", ""state_class"": ""measurement"", ""unit_of_measurement"": ""dBm""}","Hallway","{""area_id"": ""3f079567e19f4b60aacf82f6cb69c4c9"", ""area_name"": ""Hallway"", ""current_mac"": ""6d:16:2a:61:d5:48"", ""device_class"": ""bermuda__custom_device_class"", ""floor_id"": null, ""floor_level"": null, ""floor_name"": null, ""friendly_name"": ""bermuda tongai phone Area"", ""icon"": ""mdi:land-plots-marker""}","8.9","{""current_mac"": ""6d:16:2a:61:d5:48"", ""device_class"": ""distance"", ""friendly_name"": ""bermuda tongai phone Distance"", ""state_class"": ""measurement"", ""unit_of_measurement"": ""m""}","home","{""area"": ""Hallway"", ""friendly_name"": ""bermuda tongai phone Bermuda Tracker"", ""icon"": ""mdi:bluetooth-connect"", ""scanner"": ""kai_proxy"", ""source_type"": ""bluetooth_le""}"
2025-11-14T10:16:22.563135+00:00,"wall","04:42:1a:33:58:24","{""friendly_name"": ""TongaiSM25 Wi-Fi BSSID"", ""icon"": ""mdi:wifi""}","-64","{""device_class"": ""signal_strength"", ""friendly_name"": ""TongaiSM25 Wi-Fi signal strength"", ""icon"": ""mdi:wifi-strength-2"", ""state_class"": ""measurement"", ""unit_of_measurement"": ""dBm""}","Hallway","{""area_id"": ""3f079567e19f4b60aacf82f6cb69c4c9"", ""area_name"": ""Hallway"", ""current_mac"": ""6d:16:2a:61:d5:48"", ""device_class"": ""bermuda__custom_device_class"", ""floor_id"": null, ""floor_level"": null, ""floor_name"": null, ""friendly_name"": ""bermuda tongai phone Area"", ""icon"": ""mdi:land-plots-marker""}","8.9","{""current_mac"": ""6d:16:2a:61:d5:48"", ""device_class"": ""distance"", ""friendly_name"": ""bermuda tongai phone Distance"", ""state_class"": ""measurement"", ""unit_of_measurement"": ""m""}","home","{""area"": ""Hallway"", ""friendly_name"": ""bermuda tongai phone Bermuda Tracker"", ""icon"": ""mdi:bluetooth-connect"", ""scanner"": ""kai_proxy"", ""source_type"": ""bluetooth_le""}"
2025-11-14T10:16:29.648600+00:00,"fence","04:42:1a:33:58:24","{""friendly_name"": ""TongaiSM25 Wi-Fi BSSID"", ""icon"": ""mdi:wifi""}","-64","{""device_class"": ""signal_strength"", ""friendly_name"": ""TongaiSM25 Wi-Fi signal strength"", ""icon"": ""mdi:wifi-strength-2"", ""state_class"": ""measurement"", ""unit_of_measurement"": ""dBm""}","Hallway","{""area_id"": ""3f079567e19f4b60aacf82f6cb69c4c9"", ""area_name"": ""Hallway"", ""current_mac"": ""6d:16:2a:61:d5:48"", ""device_class"": ""bermuda__custom_device_class"", ""floor_id"": null, ""floor_level"": null, ""floor_name"": null, ""friendly_name"": ""bermuda tongai phone Area"", ""icon"": ""mdi:land-plots-marker""}","7.8","{""current_mac"": ""6d:16:2a:61:d5:48"", ""device_class"": ""distance"", ""friendly_name"": ""bermuda tongai phone Distance"", ""state_class"": ""measurement"", ""unit_of_measurement"": ""m""}","home","{""area"": ""Hallway"", ""friendly_name"": ""bermuda tongai phone Bermuda Tracker"", ""icon"": ""mdi:bluetooth-connect"", ""scanner"": ""kai_proxy"", ""source_type"": ""bluetooth_le""}"
2025-11-14T10:16:30.271842+00:00,"fence","04:42:1a:33:58:24","{""friendly_name"": ""TongaiSM25 Wi-Fi BSSID"", ""icon"": ""mdi:wifi""}","-64","{""device_class"": ""signal_strength"", ""friendly_name"": ""TongaiSM25 Wi-Fi signal strength"", ""icon"": ""mdi:wifi-strength-2"", ""state_class"": ""measurement"", ""unit_of_measurement"": ""dBm""}","Hallway","{""area_id"": ""3f079567e19f4b60aacf82f6cb69c4c9"", ""area_name"": ""Hallway"", ""current_mac"": ""6d:16:2a:61:d5:48"", ""device_class"": ""bermuda__custom_device_class"", ""floor_id"": null, ""floor_level"": null, ""floor_name"": null, ""friendly_name"": ""bermuda tongai phone Area"", ""icon"": ""mdi:land-plots-marker""}","7.8","{""current_mac"": ""6d:16:2a:61:d5:48"", ""device_class"": ""distance"", ""friendly_name"": ""bermuda tongai phone Distance"", ""state_class"": ""measurement"", ""unit_of_measurement"": ""m""}","home","{""area"": ""Hallway"", ""friendly_name"": ""bermuda tongai phone Bermuda Tracker"", ""icon"": ""mdi:bluetooth-connect"", ""scanner"": ""kai_proxy"", ""source_type"": ""bluetooth_le""}"
2025-11-14T10:16:42.192086+00:00,"tree","04:42:1a:33:58:24","{""friendly_name"": ""TongaiSM25 Wi-Fi BSSID"", ""icon"": ""mdi:wifi""}","-64","{""device_class"": ""signal_strength"", ""friendly_name"": ""TongaiSM25 Wi-Fi signal strength"", ""icon"": ""mdi:wifi-strength-2"", ""state_class"": ""measurement"", ""unit_of_measurement"": ""dBm""}","Hallway","{""area_id"": ""3f079567e19f4b60aacf82f6cb69c4c9"", ""area_name"": ""Hallway"", ""current_mac"": ""6d:16:2a:61:d5:48"", ""device_class"": ""bermuda__custom_device_class"", ""floor_id"": null, ""floor_level"": null, ""floor_name"": null, ""friendly_name"": ""bermuda tongai phone Area"", ""icon"": ""mdi:land-plots-marker""}","5.1","{""current_mac"": ""6d:16:2a:61:d5:48"", ""device_class"": ""distance"", ""friendly_name"": ""bermuda tongai phone Distance"", ""state_class"": ""measurement"", ""unit_of_measurement"": ""m""}","home","{""area"": ""Hallway"", ""friendly_name"": ""bermuda tongai phone Bermuda Tracker"", ""icon"": ""mdi:bluetooth-connect"", ""scanner"": ""kai_proxy"", ""source_type"": ""bluetooth_le""}"
2025-11-14T10:16:42.926818+00:00,"tree","04:42:1a:33:58:24","{""friendly_name"": ""TongaiSM25 Wi-Fi BSSID"", ""icon"": ""mdi:wifi""}","-64","{""device_class"": ""signal_strength"", ""friendly_name"": ""TongaiSM25 Wi-Fi signal strength"", ""icon"": ""mdi:wifi-strength-2"", ""state_class"": ""measurement"", ""unit_of_measurement"": ""dBm""}","Hallway","{""area_id"": ""3f079567e19f4b60aacf82f6cb69c4c9"", ""area_name"": ""Hallway"", ""current_mac"": ""6d:16:2a:61:d5:48"", ""device_class"": ""bermuda__custom_device_class"", ""floor_id"": null, ""floor_level"": null, ""floor_name"": null, ""friendly_name"": ""bermuda tongai phone Area"", ""icon"": ""mdi:land-plots-marker""}","6.1","{""current_mac"": ""6d:16:2a:61:d5:48"", ""device_class"": ""distance"", ""friendly_name"": ""bermuda tongai phone Distance"", ""state_class"": ""measurement"", ""unit_of_measurement"": ""m""}","home","{""area"": ""Hallway"", ""friendly_name"": ""bermuda tongai phone Bermuda Tracker"", ""icon"": ""mdi:bluetooth-connect"", ""scanner"": ""kai_proxy"", ""source_type"": ""bluetooth_le""}"
2025-11-14T10:16:56.528922+00:00,"hedge","04:42:1a:33:58:24","{""friendly_name"": ""TongaiSM25 Wi-Fi BSSID"", ""icon"": ""mdi:wifi""}","-64","{""device_class"": ""signal_strength"", ""friendly_name"": ""TongaiSM25 Wi-Fi signal strength"", ""icon"": ""mdi:wifi-strength-2"", ""state_class"": ""measurement"", ""unit_of_measurement"": ""dBm""}","Hallway","{""area_id"": ""3f079567e19f4b60aacf82f6cb69c4c9"", ""area_name"": ""Hallway"", ""current_mac"": ""6d:16:2a:61:d5:48"", ""device_class"": ""bermuda__custom_device_class"", ""floor_id"": null, ""floor_level"": null, ""floor_name"": null, ""friendly_name"": ""bermuda tongai phone Area"", ""icon"": ""mdi:land-plots-marker""}","10.3","{""current_mac"": ""6d:16:2a:61:d5:48"", ""device_class"": ""distance"", ""friendly_name"": ""bermuda tongai phone Distance"", ""state_class"": ""measurement"", ""unit_of_measurement"": ""m""}","home","{""area"": ""Hallway"", ""friendly_name"": ""bermuda tongai phone Bermuda Tracker"", ""icon"": ""mdi:bluetooth-connect"", ""scanner"": ""kai_proxy"", ""source_type"": ""bluetooth_le""}"
2025-11-14T10:16:56.952304+00:00,"hedge","04:42:1a:33:58:24","{""friendly_name"": ""TongaiSM25 Wi-Fi BSSID"", ""icon"": ""mdi:wifi""}","-64","{""device_class"": ""signal_strength"", ""friendly_name"": ""TongaiSM25 Wi-Fi signal strength"", ""icon"": ""mdi:wifi-strength-2"", ""state_class"": ""measurement"", ""unit_of_measurement"": ""dBm""}","Hallway","{""area_id"": ""3f079567e19f4b60aacf82f6cb69c4c9"", ""area_name"": ""Hallway"", ""current_mac"": ""6d:16:2a:61:d5:48"", ""device_class"": ""bermuda__custom_device_class"", ""floor_id"": null, ""floor_level"": null, ""floor_name"": null, ""friendly_name"": ""bermuda tongai phone Area"", ""icon"": ""mdi:land-plots-marker""}","10.3","{""current_mac"": ""6d:16:2a:61:d5:48"", ""device_class"": ""distance"", ""friendly_name"": ""bermuda tongai phone Distance"", ""state_class"": ""measurement"", ""unit_of_measurement"": ""m""}","home","{""area"": ""Hallway"", ""friendly_name"": ""bermuda tongai phone Bermuda Tracker"", ""icon"": ""mdi:bluetooth-connect"", ""scanner"": ""kai_proxy"", ""source_type"": ""bluetooth_le""}"
2025-11-14T10:17:07.159482+00:00,"car door driver","04:42:1a:33:58:24","{""friendly_name"": ""TongaiSM25 Wi-Fi BSSID"", ""icon"": ""mdi:wifi""}","-64","{""device_class"": ""signal_strength"", ""friendly_name"": ""TongaiSM25 Wi-Fi signal strength"", ""icon"": ""mdi:wifi-strength-2"", ""state_class"": ""measurement"", ""unit_of_measurement"": ""dBm""}","Hallway","{""area_id"": ""3f079567e19f4b60aacf82f6cb69c4c9"", ""area_name"": ""Hallway"", ""current_mac"": ""6d:16:2a:61:d5:48"", ""device_class"": ""bermuda__custom_device_class"", ""floor_id"": null, ""floor_level"": null, ""floor_name"": null, ""friendly_name"": ""bermuda tongai phone Area"", ""icon"": ""mdi:land-plots-marker""}","3.2","{""current_mac"": ""6d:16:2a:61:d5:48"", ""device_class"": ""distance"", ""friendly_name"": ""bermuda tongai phone Distance"", ""state_class"": ""measurement"", ""unit_of_measurement"": ""m""}","home","{""area"": ""Hallway"", ""friendly_name"": ""bermuda tongai phone Bermuda Tracker"", ""icon"": ""mdi:bluetooth-connect"", ""scanner"": ""kai_proxy"", ""source_type"": ""bluetooth_le""}"
2025-11-14T10:17:07.717911+00:00,"car door driver","04:42:1a:33:58:24","{""friendly_name"": ""TongaiSM25 Wi-Fi BSSID"", ""icon"": ""mdi:wifi""}","-64","{""device_class"": ""signal_strength"", ""friendly_name"": ""TongaiSM25 Wi-Fi signal strength"", ""icon"": ""mdi:wifi-strength-2"", ""state_class"": ""measurement"", ""unit_of_measurement"": ""dBm""}","Hallway","{""area_id"": ""3f079567e19f4b60aacf82f6cb69c4c9"", ""area_name"": ""Hallway"", ""current_mac"": ""6d:16:2a:61:d5:48"", ""device_class"": ""bermuda__custom_device_class"", ""floor_id"": null, ""floor_level"": null, ""floor_name"": null, ""friendly_name"": ""bermuda tongai phone Area"", ""icon"": ""mdi:land-plots-marker""}","2.5","{""current_mac"": ""6d:16:2a:61:d5:48"", ""device_class"": ""distance"", ""friendly_name"": ""bermuda tongai phone Distance"", ""state_class"": ""measurement"", ""unit_of_measurement"": ""m""}","home","{""area"": ""Hallway"", ""friendly_name"": ""bermuda tongai phone Bermuda Tracker"", ""icon"": ""mdi:bluetooth-connect"", ""scanner"": ""kai_proxy"", ""source_type"": ""bluetooth_le""}"
2025-11-14T10:17:14.838109+00:00,"outside front door","04:42:1a:33:58:24","{""friendly_name"": ""TongaiSM25 Wi-Fi BSSID"", ""icon"": ""mdi:wifi""}","-64","{""device_class"": ""signal_strength"", ""friendly_name"": ""TongaiSM25 Wi-Fi signal strength"", ""icon"": ""mdi:wifi-strength-2"", ""state_class"": ""measurement"", ""unit_of_measurement"": ""dBm""}","Hallway","{""area_id"": ""3f079567e19f4b60aacf82f6cb69c4c9"", ""area_name"": ""Hallway"", ""current_mac"": ""6d:16:2a:61:d5:48"", ""device_class"": ""bermuda__custom_device_class"", ""floor_id"": null, ""floor_level"": null, ""floor_name"": null, ""friendly_name"": ""bermuda tongai phone Area"", ""icon"": ""mdi:land-plots-marker""}","3.2","{""current_mac"": ""6d:16:2a:61:d5:48"", ""device_class"": ""distance"", ""friendly_name"": ""bermuda tongai phone Distance"", ""state_class"": ""measurement"", ""unit_of_measurement"": ""m""}","home","{""area"": ""Hallway"", ""friendly_name"": ""bermuda tongai phone Bermuda Tracker"", ""icon"": ""mdi:bluetooth-connect"", ""scanner"": ""kai_proxy"", ""source_type"": ""bluetooth_le""}"
2025-11-14T10:17:15.387702+00:00,"outside front door","04:42:1a:33:58:24","{""friendly_name"": ""TongaiSM25 Wi-Fi BSSID"", ""icon"": ""mdi:wifi""}","-64","{""device_class"": ""signal_strength"", ""friendly_name"": ""TongaiSM25 Wi-Fi signal strength"", ""icon"": ""mdi:wifi-strength-2"", ""state_class"": ""measurement"", ""unit_of_measurement"": ""dBm""}","Hallway","{""area_id"": ""3f079567e19f4b60aacf82f6cb69c4c9"", ""area_name"": ""Hallway"", ""current_mac"": ""6d:16:2a:61:d5:48"", ""device_class"": ""bermuda__custom_device_class"", ""floor_id"": null, ""floor_level"": null, ""floor_name"": null, ""friendly_name"": ""bermuda tongai phone Area"", ""icon"": ""mdi:land-plots-marker""}","2.2","{""current_mac"": ""6d:16:2a:61:d5:48"", ""device_class"": ""distance"", ""friendly_name"": ""bermuda tongai phone Distance"", ""state_class"": ""measurement"", ""unit_of_measurement"": ""m""}","home","{""area"": ""Hallway"", ""friendly_name"": ""bermuda tongai phone Bermuda Tracker"", ""icon"": ""mdi:bluetooth-connect"", ""scanner"": ""kai_proxy"", ""source_type"": ""bluetooth_le""}"
2025-11-14T17:29:11.798731+00:00,"outside front door","04:42:1a:33:58:24","{""friendly_name"": ""TongaiSM25 Wi-Fi BSSID"", ""icon"": ""mdi:wifi""}","-73","{""device_class"": ""signal_strength"", ""friendly_name"": ""TongaiSM25 Wi-Fi signal strength"", ""icon"": ""mdi:wifi-strength-1"", ""state_class"": ""measurement"", ""unit_of_measurement"": ""dBm""}","Hallway","{""area_id"": ""3f079567e19f4b60aacf82f6cb69c4c9"", ""area_name"": ""Hallway"", ""current_mac"": ""70:b9:08:b4:8e:a2"", ""device_class"": ""bermuda__custom_device_class"", ""floor_id"": null, ""floor_level"": null, ""floor_name"": null, ""friendly_name"": ""bermuda tongai phone Area"", ""icon"": ""mdi:land-plots-marker""}","1.7","{""current_mac"": ""70:b9:08:b4:8e:a2"", ""device_class"": ""distance"", ""friendly_name"": ""bermuda tongai phone Distance"", ""state_class"": ""measurement"", ""unit_of_measurement"": ""m""}","home","{""area"": ""Hallway"", ""friendly_name"": ""bermuda tongai phone Bermuda Tracker"", ""icon"": ""mdi:bluetooth-connect"", ""scanner"": ""kai_proxy"", ""source_type"": ""bluetooth_le""}"
2025-11-15T00:31:42.853960+00:00,"Study","04:42:1a:33:58:24","{""friendly_name"": ""TongaiSM25 Wi-Fi BSSID"", ""icon"": ""mdi:wifi""}","-72","{""device_class"": ""signal_strength"", ""friendly_name"": ""TongaiSM25 Wi-Fi signal strength"", ""icon"": ""mdi:wifi-strength-1"", ""state_class"": ""measurement"", ""unit_of_measurement"": ""dBm""}","Study","{""area_id"": ""9a040188a9a146fe80bb40dcf9dd1ad2"", ""area_name"": ""Study"", ""current_mac"": ""71:0f:48:57:28:f7"", ""device_class"": ""bermuda__custom_device_class"", ""floor_id"": null, ""floor_level"": null, ""floor_name"": null, ""friendly_name"": ""bermuda tongai phone Area"", ""icon"": ""mdi:land-plots-marker""}","2.1","{""current_mac"": ""71:0f:48:57:28:f7"", ""device_class"": ""distance"", ""friendly_name"": ""bermuda tongai phone Distance"", ""state_class"": ""measurement"", ""unit_of_measurement"": ""m""}","home","{""area"": ""Study"", ""friendly_name"": ""bermuda tongai phone Bermuda Tracker"", ""icon"": ""mdi:bluetooth-connect"", ""scanner"": ""work status"", ""source_type"": ""bluetooth_le""}"
2025-11-15T00:31:44.740882+00:00,"Study","04:42:1a:33:58:24","{""friendly_name"": ""TongaiSM25 Wi-Fi BSSID"", ""icon"": ""mdi:wifi""}","-72","{""device_class"": ""signal_strength"", ""friendly_name"": ""TongaiSM25 Wi-Fi signal strength"", ""icon"": ""mdi:wifi-strength-1"", ""state_class"": ""measurement"", ""unit_of_measurement"": ""dBm""}","Study","{""area_id"": ""9a040188a9a146fe80bb40dcf9dd1ad2"", ""area_name"": ""Study"", ""current_mac"": ""71:0f:48:57:28:f7"", ""device_class"": ""bermuda__custom_device_class"", ""floor_id"": null, ""floor_level"": null, ""floor_name"": null, ""friendly_name"": ""bermuda tongai phone Area"", ""icon"": ""mdi:land-plots-marker""}","2.4","{""current_mac"": ""71:0f:48:57:28:f7"", ""device_class"": ""distance"", ""friendly_name"": ""bermuda tongai phone Distance"", ""state_class"": ""measurement"", ""unit_of_measurement"": ""m""}","home","{""area"": ""Study"", ""friendly_name"": ""bermuda tongai phone Bermuda Tracker"", ""icon"": ""mdi:bluetooth-connect"", ""scanner"": ""work status"", ""source_type"": ""bluetooth_le""}"
2025-11-16T20:00:57.896933+00:00,"outside front door","04:42:1a:33:58:24","{""friendly_name"": ""TongaiSM25 Wi-Fi BSSID"", ""icon"": ""mdi:wifi""}","-70","{""device_class"": ""signal_strength"", ""friendly_name"": ""TongaiSM25 Wi-Fi signal strength"", ""icon"": ""mdi:wifi-strength-2"", ""state_class"": ""measurement"", ""unit_of_measurement"": ""dBm""}","Hallway","{""area_id"": ""3f079567e19f4b60aacf82f6cb69c4c9"", ""area_name"": ""Hallway"", ""current_mac"": ""73:6e:9c:3c:f5:4e"", ""device_class"": ""bermuda__custom_device_class"", ""floor_id"": null, ""floor_level"": null, ""floor_name"": null, ""friendly_name"": ""bermuda tongai phone Area"", ""icon"": ""mdi:land-plots-marker""}","2.7","{""current_mac"": ""73:6e:9c:3c:f5:4e"", ""device_class"": ""distance"", ""friendly_name"": ""bermuda tongai phone Distance"", ""state_class"": ""measurement"", ""unit_of_measurement"": ""m""}","home","{""area"": ""Hallway"", ""friendly_name"": ""bermuda tongai phone Bermuda Tracker"", ""icon"": ""mdi:bluetooth-connect"", ""scanner"": ""kai_proxy"", ""source_type"": ""bluetooth_le""}"
2025-11-16T20:00:58.781312+00:00,"outside front door","04:42:1a:33:58:24","{""friendly_name"": ""TongaiSM25 Wi-Fi BSSID"", ""icon"": ""mdi:wifi""}","-70","{""device_class"": ""signal_strength"", ""friendly_name"": ""TongaiSM25 Wi-Fi signal strength"", ""icon"": ""mdi:wifi-strength-2"", ""state_class"": ""measurement"", ""unit_of_measurement"": ""dBm""}","Hallway","{""area_id"": ""3f079567e19f4b60aacf82f6cb69c4c9"", ""area_name"": ""Hallway"", ""current_mac"": ""73:6e:9c:3c:f5:4e"", ""device_class"": ""bermuda__custom_device_class"", ""floor_id"": null, ""floor_level"": null, ""floor_name"": null, ""friendly_name"": ""bermuda tongai phone Area"", ""icon"": ""mdi:land-plots-marker""}","2.3","{""current_mac"": ""73:6e:9c:3c:f5:4e"", ""device_class"": ""distance"", ""friendly_name"": ""bermuda tongai phone Distance"", ""state_class"": ""measurement"", ""unit_of_measurement"": ""m""}","home","{""area"": ""Hallway"", ""friendly_name"": ""bermuda tongai phone Bermuda Tracker"", ""icon"": ""mdi:bluetooth-connect"", ""scanner"": ""kai_proxy"", ""source_type"": ""bluetooth_le""}"
